flat,badrooms,bathrooms,location,sqm,price
False,3,1,Centrum,78,476118.0
False,3,2,Sołacz,62,459531.0
False,3,0,Sołacz,15,411557.0
False,4,0,Sołacz,14,496416.0
False,3,0,Sołacz,15,406032.0
False,3,1,Naramowice,80,450026.0
False,2,4,Wilda,39,571229.15
False,3,1,Grunwald,54,325000.0
False,2,1,Grunwald,90,268229.0
False,4,5,Grunwald,40,604836.0
False,3,0,Nowe,41,232050.0
False,3,2,Wilda,89,399406.0
False,2,2,Grunwald,53,305739.0
False,4,1,Wilda,38,531976.68
True,2,1,Starołęka,77,288465.0
True,3,3,Winogrady,47,305000.0
True,2,5,Rataje,30,410000.0
True,3,3,Winogrady,48,305000.0
True,2,2,Zawady,48,289000.0
True,2,0,Rataje,56,419000.0
True,2,5,Malta,37,193000.0
True,3,4,Rataje,48,270000.0
True,3,2,Rataje,20,360000.0
True,2,10,Rataje,36,240000.0
True,2,4,Nowe,47,299000.0
True,2,4,Wilda,45,298000.0
True,2,2,Komandoria,48,289000.0
True,2,1,Podolany,45,300000.0
True,2,2,Dębiec,25,177000.0
True,3,2,Rataje,70,404000.0
True,3,7,Rataje,63,335000.0
True,3,3,Winogrady,60,305000.0
True,2,14,Winogrady,80,254900.0
True,3,9,Rataje,65,348000.0
True,3,4,Winogrady,50,320000.0
True,3,4,Rataje,48,284000.0
True,2,2,Dębiec,61,188000.0
True,4,3,Piątkowo,70,477000.0
True,3,2,Podolany,68,390000.0
True,3,3,Piątkowo,70,439000.0
True,2,1,Rataje,44,263000.0
True,2,0,Świerczewo,60,435000.0
True,3,6,Centrum,77,610000.0
True,3,2,Malta,84,714000.0
True,2,2,Naramowice,58,295000.0
True,3,10,Nowe,48,270000.0
True,2,0,Rataje,38,259000.0
True,3,0,Jeżyce,90,350000.0
True,2,2,Grunwald,60,295000.0
True,3,1,Jeżyce,37,338000.0
True,4,3,Jeżyce,78,420000.0
True,4,0,Sołacz,90,565000.0
True,2,3,Nowe,90,355000.0
True,2,4,Chwaliszewo,56,330000.0
True,2,16,Rataje,49,299000.0
True,2,2,Sołacz,49,270000.0
True,3,3,Jeżyce,45,329000.0
True,3,2,Rataje,70,405000.0
True,2,2,Winogrady,49,270000.0
True,2,6,Winogrady,38,235000.0
True,2,2,Sołacz,49,270000.0
True,3,2,Jeżyce,50,365000.0
True,3,1,Nowe,90,325000.0
True,3,16,Rataje,80,340000.0
True,3,2,Rataje,59,329000.0
True,3,4,Dębiec,60,429000.0
True,3,3,Rataje,63,349000.0
True,4,4,Nowe,20,329000.0
True,2,2,Grunwald,46,249000.0
True,2,0,Rataje,40,260000.0
True,2,9,Rataje,38,275000.0
True,2,1,Rataje,44,263000.0
True,2,9,Rataje,49,269000.0
True,3,11,Jeżyce,50,450000.0
True,3,2,Łazarz,80,299000.0
True,4,2,Rataje,62,330000.0
True,3,3,Rataje,48,289000.0
True,4,0,Naramowice,133,750000.0
True,4,3,Grunwald,70,635000.0
True,2,1,Naramowice,60,279000.0
False,3,1,Grunwald,34,399900.0
True,2,1,Winogrady,38,255000.0
True,2,1,Grunwald,36,239000.0
True,2,2,Wilda,50,229000.0
True,3,9,Rataje,65,348000.0
True,4,0,Grunwald,60,384000.0
True,2,1,Starołęka,86,232034.0
True,3,4,Rataje,48,270000.0
False,5,1,Komorniki,97,350000.0
True,2,16,Rataje,36,240000.0
True,4,0,Jeżyce,99,619000.0
True,3,4,Grunwald,45,295000.0
True,3,1,Grunwald,57,349000.0
True,3,0,Winogrady,48,279000.0
True,3,3,Winogrady,48,269000.0
True,2,6,Winogrady,42,250000.0
True,2,4,Jeżyce,43,270000.0
False,5,4,Winogrady,37,285383.0
False,2,3,Stare,47,348750.0
False,2,0,Winogrady,37,240157.0
False,2,2,Winogrady,42,285678.0
False,2,5,Winogrady,44,272800.0
False,2,2,Grunwald,45,267702.0
False,3,3,Grunwald,21,327584.0
False,2,3,Winogrady,38,235000.0
False,2,2,Winogrady,49,286445.0
False,2,2,Starołęka,30,156085.0
False,3,3,Winogrady,57,282000.0
True,4,4,Grunwald,64,365000.0
True,3,1,Rataje,50,519000.0
True,3,2,Stare,113,779000.0
True,4,2,Wilda,120,499000.0
True,3,0,Grunwald,53,255000.0
True,3,4,Rataje,48,270000.0
True,2,5,Rataje,49,257000.0
True,2,2,Stare,43,499000.0
True,3,1,Nowe,62,399000.0
True,3,5,Nowe,56,149000.0
True,3,5,Wilda,70,435000.0
False,4,0,Grunwald,81,400000.0
True,3,3,Stare,49,389000.0
True,3,6,Jeżyce,70,299000.0
True,3,3,Łazarz,62,325000.0
True,3,1,Grunwald,65,399000.0
True,2,1,Naramowice,60,279000.0
False,3,2,Grunwald,63,334117.0
False,3,2,Grunwald,80,364620.0
True,4,1,Podolany,103,529900.0
True,4,3,Grunwald,74,369000.0
True,2,2,Jeżyce,45,329000.0
True,3,4,Winogrady,54,320000.0
True,2,13,Rataje,80,275000.0
False,2,1,Winogrady,60,295120.0
True,3,4,Wilczak,30,374000.0
True,3,4,Winogrady,30,288000.0
True,3,1,Grunwald,70,340000.0
True,3,3,Piątkowo,60,329000.0
True,2,6,Sołacz,49,290000.0
True,4,3,Wilda,54,229000.0
True,3,1,Grunwald,65,339000.0
True,3,4,Winogrady,30,288000.0
True,3,1,Jeżyce,58,280000.0
True,2,2,Naramowice,50,295000.0
False,2,2,Jeżyce,29,264250.0
False,2,0,Winogrady,21,308039.0
False,2,1,Winogrady,46,285200.0
False,3,1,Ogrody,54,346624.0
False,3,1,Jeżyce,51,313566.0
False,2,0,Winogrady,60,290970.0
False,3,5,Winogrady,29,304000.0
False,2,0,Starołęka,33,225316.0
False,2,2,Starołęka,62,186600.0
False,3,4,Winogrady,27,336474.0
False,2,1,Starołęka,85,299513.0
False,3,1,Winogrady,76,257000.0
False,2,2,Starołęka,52,244071.0
False,2,0,Starołęka,55,291838.0
False,2,3,Winogrady,98,322276.0
False,2,1,Winogrady,30,280860.0
False,2,3,Winogrady,50,297600.0
False,2,1,Garbary,44,349668.0
False,2,1,Winogrady,88,321656.0
False,2,2,Malta,45,302176.0
True,2,1,Grunwald,33,199000.0
True,3,2,Grunwald,77,363000.0
True,3,4,Winogrady,65,375000.0
True,2,10,Winogrady,47,287000.0
True,2,1,Dębiec,37,230000.0
True,3,2,Rataje,65,365000.0
True,3,1,Naramowice,20,389000.0
True,2,2,Grunwald,35,325000.0
False,3,2,Winogrady,21,391729.0
True,3,3,Grunwald,23,479000.0
True,2,10,Grunwald,42,249000.0
True,2,5,Centrum,49,286000.0
True,2,4,Piątkowo,49,313000.0
True,3,1,Rataje,62,409000.0
True,2,1,Nowe,49,255000.0
True,3,4,Jeżyce,50,270000.0
True,2,1,Grunwald,68,699000.0
True,2,3,Wilda,53,330000.0
True,3,16,Rataje,80,335000.0
True,3,3,Grunwald,70,488000.0
True,3,1,Jeżyce,65,339000.0
True,3,5,Grunwald,81,410000.0
True,2,4,Naramowice,43,269000.0
True,5,7,Grunwald,91,710000.0
False,3,5,Grunwald,58,359600.0
False,2,2,Jeżyce,50,249441.0
True,4,1,Grunwald,95,440000.0
True,3,2,Jeżyce,50,389000.0
True,4,3,Rataje,90,590000.0
False,3,2,Nowe,45,706655.0
True,2,6,Rataje,70,269000.0
True,2,16,Rataje,36,240000.0
True,2,2,Centrum,53,310000.0
False,3,0,Nowe,64,240000.0
True,2,0,Grunwald,52,230000.0
True,4,1,Centrum,142,770000.0
True,2,4,Rataje,44,249000.0
True,2,1,Rataje,54,350000.0
True,2,4,Piątkowo,49,313000.0
True,2,2,Śródka,72,310000.0
True,4,0,Wilda,50,569000.0
True,4,2,Bonin,87,460000.0
True,2,2,Centrum,55,485000.0
True,2,5,Centrum,80,286000.0
True,3,1,Grunwald,62,364000.0
True,3,3,Wilda,66,299000.0
True,2,5,Wilda,30,365000.0
True,2,10,Grunwald,38,237000.0
True,4,6,Rataje,85,425000.0
True,2,1,Grunwald,60,332160.0
True,2,1,Dębiec,37,230000.0
True,2,10,Grunwald,42,249000.0
True,3,4,Rataje,48,270000.0
True,2,4,Jeżyce,56,350000.0
True,2,3,Grunwald,56,309000.0
True,2,0,Stare,50,283500.0
False,2,0,Nowe,29,177595.0
True,2,2,Centrum,53,339000.0
True,3,1,Grunwald,65,399000.0
True,3,3,Piątkowo,60,329000.0
False,3,2,Nowe,45,706655.0
True,2,2,Jeżyce,42,289000.0
True,3,0,Wilda,67,389000.0
True,3,4,Wilda,40,375000.0
True,3,2,Wilda,66,319000.0
True,3,0,Grunwald,60,310000.0
True,2,12,Winogrady,47,252000.0
False,2,4,Zawady,71,249147.0
True,4,0,Winogrady,80,649000.0
True,2,0,Grunwald,37,204000.0
True,3,4,Rataje,84,389000.0
True,3,0,Grunwald,87,369000.0
True,2,1,Naramowice,52,300000.0
True,4,2,Sołacz,87,470000.0
True,2,1,Winogrady,39,326000.0
True,3,4,Stare,60,655000.0
True,3,9,Rataje,65,348000.0
True,3,1,Bonin,68,399000.0
True,3,2,Podolany,68,390000.0
True,2,0,Centrum,40,265000.0
True,3,4,Winogrady,54,279999.0
True,3,9,Jeżyce,49,280000.0
True,2,0,Malta,56,419000.0
True,2,4,Grunwald,38,249000.0
True,2,3,Żegrze,49,259000.0
True,2,0,Jeżyce,20,270000.0
True,3,2,Grunwald,39,349000.0
True,2,3,Piątkowo,60,349000.0
True,3,1,Grunwald,84,548000.0
True,2,10,Grunwald,43,249000.0
True,3,2,Dąbrowskiego,106,549000.0
True,2,6,Piątkowo,49,290000.0
False,4,2,Starołęka,14,442827.0
True,3,0,Grunwald,63,530000.0
True,3,1,Plewiska,50,279000.0
True,2,5,Rataje,50,410000.0
True,3,1,Wilda,50,396000.0
True,2,1,Stare,60,279000.0
True,3,4,Piątkowo,16,399000.0
True,2,2,Jeżyce,45,329000.0
True,3,10,Grunwald,52,270000.0
True,2,0,Centrum,57,360000.0
True,3,2,Grunwald,20,255000.0
True,3,1,Grunwald,100,395000.0
True,2,0,Grunwald,49,139000.0
True,3,4,Winogrady,50,320000.0
True,4,0,Stare,100,899000.0
True,2,2,Dębiec,44,237000.0
True,3,1,Rataje,70,425000.0
True,2,0,Winogrady,53,315000.0
True,2,2,Centrum,55,485000.0
True,3,1,Żegrze,88,365000.0
True,3,1,Winogrady,17,345000.0
True,3,3,Rataje,50,319000.0
True,2,0,Dębiec,50,265000.0
True,4,5,Centrum,106,978000.0
True,2,5,Centrum,53,489000.0
True,3,3,Centrum,80,382280.0
True,2,6,Winogrady,30,267900.0
True,2,3,Łazarz,47,259000.0
True,2,4,Rataje,63,280000.0
True,4,1,Wilda,31,250000.0
True,2,2,Naramowice,16,340000.0
True,2,0,Podolany,27,160000.0
True,2,0,Centrum,60,390000.0
True,2,1,Winogrady,30,469000.0
True,3,4,Dębiec,50,429000.0
True,2,2,Naramowice,52,270000.0
True,3,0,Jeżyce,78,330000.0
True,2,1,Stare,60,279000.0
True,2,6,Jeżyce,49,289000.0
True,4,1,Górczyn,90,449000.0
True,4,4,Stare,85,499000.0
True,2,16,Rataje,49,270000.0
True,2,0,Stare,44,295000.0
True,2,2,Dębiec,40,210000.0
True,3,1,Rataje,50,519000.0
True,4,0,Naramowice,40,490000.0
True,2,1,Stare,23,300000.0
True,3,4,Jeżyce,30,325000.0
True,2,13,Rataje,49,238000.0
True,3,1,Piątkowo,63,329000.0
True,2,0,Piątkowo,43,270000.0
True,3,0,Grunwald,70,395000.0
True,2,1,Jeżyce,50,330000.0
True,4,2,Grunwald,89,439000.0
True,2,0,Grunwald,55,259500.0
True,2,4,Jeżyce,56,355000.0
True,2,1,Jeżyce,38,282000.0
True,2,2,Górczyn,52,335000.0
True,2,1,Grunwald,51,375000.0
True,3,4,Stare,70,399000.0
False,4,0,Plewiska,30,474000.0
True,2,0,Grunwald,55,309000.0
True,3,0,Rataje,57,379000.0
True,3,1,Nowe,62,399000.0
True,3,5,Grunwald,60,570000.0
True,2,3,Nowe,50,105000.0
True,3,6,Dębiec,63,296000.0
True,2,1,Winiary,39,326000.0
True,3,0,Stare,136,1725000.0
True,3,4,Stare,50,350550.0
True,2,12,Winogrady,47,252000.0
True,2,2,Wilda,67,368000.0
True,3,3,Grunwald,60,549000.0
True,3,1,Rataje,90,409000.0
True,2,1,Centrum,50,362000.0
True,3,2,Nowe,80,250000.0
True,4,2,Nowe,66,399900.0
True,3,4,Wilda,60,429000.0
True,2,0,Górczyn,65,370000.0
True,2,1,Górczyn,13,274000.0
True,2,3,Piątkowo,59,239000.0
True,2,2,Rataje,90,259000.0
True,2,0,Wilda,55,246330.0
True,3,4,Winogrady,48,289000.0
True,3,4,Stare,70,100000.0
True,2,2,Sołacz,60,270000.0
True,2,3,Grunwald,70,430000.0
True,2,0,Podolany,93,355000.0
True,2,11,Winogrady,47,287000.0
False,5,0,Starołęka,193,1200000.0
True,3,3,Winogrady,48,305000.0
True,3,3,Piątkowo,60,329000.0
True,3,0,Piątkowo,63,315000.0
True,2,2,Grunwald,45,267705.0
True,2,1,Jeżyce,50,247707.0
True,4,5,Winogrady,65,388750.0
True,4,4,Jeżyce,57,371931.0
True,2,0,Stare,38,232408.0
True,2,1,Jeżyce,50,247708.0
True,2,0,Jeżyce,50,242731.0
True,2,1,Jeżyce,50,247710.0
True,3,1,Jeżyce,53,339200.0
True,4,0,Rataje,85,349100.0
True,3,1,Stare,49,296277.0
True,3,1,Jeżyce,68,333694.0
True,2,0,Naramowice,40,250000.0
True,2,0,Rataje,30,200000.0
True,4,2,Sołacz,87,470000.0
True,4,4,Piątkowo,76,370000.0
True,3,0,Piątkowo,60,315000.0
True,2,10,Winogrady,80,287000.0
True,2,3,Nowe,47,230000.0
True,3,3,Centrum,120,900000.0
True,3,4,Piątkowo,16,399000.0
True,2,6,Sołacz,71,250000.0
True,2,4,Piątkowo,20,318000.0
True,2,9,Rataje,49,269000.0
True,2,5,Grunwald,59,239592.0
True,3,0,Grunwald,16,307881.0
True,3,3,Grunwald,21,319055.0
True,2,2,Grunwald,22,267702.0
True,3,2,Dębiec,70,299000.0
True,3,0,Stare,25,435000.0
True,2,0,Grunwald,60,690000.0
True,2,1,Nowe,33,204450.0
True,3,2,Nowe,56,228144.0
True,2,1,Winogrady,37,285383.0
True,3,2,Winogrady,21,391729.0
True,3,0,Jeżyce,78,330000.0
True,3,4,Winogrady,76,269984.0
True,2,8,Winogrady,47,344141.0
True,3,6,Jeżyce,24,318384.0
True,2,0,Jeżyce,54,249641.0
True,2,2,Dębiec,33,177000.0
True,2,2,Jeżyce,56,325000.0
True,3,4,Rataje,70,429000.0
True,3,3,Dolna,67,380000.0
True,2,3,Jeżyce,66,448995.0
True,2,3,Jeżyce,70,350000.0
True,2,2,Dolna,38,269000.0
True,3,1,Grunwald,96,620000.0
True,2,0,Łazarz,52,275000.0
True,2,0,Centrum,40,440000.0
False,2,5,Centrum,22,505877.0
False,3,5,Centrum,80,886860.0
False,2,5,Centrum,77,502136.0
False,2,5,Centrum,33,798966.0
False,3,4,Centrum,69,561663.0
False,2,4,Centrum,77,396248.0
False,2,4,Centrum,18,368019.0
False,3,4,Centrum,53,542141.0
False,4,4,Centrum,59,698508.0
False,2,4,Centrum,71,394787.0
False,3,4,Centrum,61,597184.0
False,2,3,Centrum,25,354177.0
False,2,3,Centrum,17,353537.0
False,3,3,Centrum,53,509468.0
False,4,3,Centrum,89,652026.0
False,2,3,Centrum,16,353457.0
False,2,3,Centrum,58,356818.0
False,3,2,Centrum,78,496573.0
False,2,2,Centrum,15,349668.0
False,3,2,Centrum,53,481903.0
False,2,2,Centrum,16,309978.0
False,2,2,Centrum,87,389528.0
False,2,2,Centrum,14,341776.0
False,2,2,Centrum,71,374216.0
False,3,2,Centrum,62,534523.0
False,2,1,Centrum,87,377418.0
False,2,1,Centrum,14,330255.0
False,3,1,Centrum,62,505032.0
True,4,0,Grunwald,67,375000.0
True,5,0,Grunwald,67,375000.0
True,3,2,Grunwald,73,363000.0
True,3,1,Grunwald,40,495000.0
True,3,1,Starołęka,30,270000.0
True,2,2,Grunwald,51,365000.0
True,4,1,Grunwald,113,450000.0
True,2,3,Nowe,30,190520.0
True,2,1,Nowe,93,228492.0
True,2,1,Nowe,55,169620.0
True,2,1,Nowe,54,145000.0
True,3,4,Rataje,48,270000.0
True,4,4,Piątkowo,76,370000.0
True,3,3,Grunwald,52,289000.0
True,3,4,Jeżyce,59,585000.0
True,3,7,Rataje,63,335000.0
True,3,3,Piątkowo,60,329000.0
True,2,0,Grunwald,46,269000.0
True,2,4,Wilda,45,298000.0
True,3,1,Grunwald,70,398000.0
True,4,0,Grunwald,60,395000.0
True,3,0,Wilda,96,389000.0
True,3,4,Wilda,47,429000.0
True,3,1,Wilda,95,715000.0
True,2,2,Centrum,56,460000.0
True,4,0,Stare,20,555000.0
True,3,4,Stare,60,655000.0
True,2,3,Stare,70,188000.0
True,2,0,Nowe,61,390000.0
True,2,9,Nowe,50,425000.0
True,3,1,Stare,72,359400.0
True,3,0,Wilda,48,497400.0
True,5,1,Wilda,31,604395.0
True,2,2,Stare,79,330615.0
True,2,0,Stare,60,290970.0
True,2,0,Stare,70,283340.0
True,2,3,Stare,20,282880.0
True,3,7,Nowe,80,339500.0
True,2,7,Stare,69,850000.0
True,4,6,Stare,90,380000.0
True,4,3,Stare,103,800000.0
True,4,1,Jeżyce,120,514000.0
True,2,1,Stare,42,290000.0
True,3,2,Stare,47,640000.0
True,6,0,Stare,40,1140000.0
True,2,4,Stare,50,561000.0
True,2,1,Świerczewo,60,400000.0
True,2,4,Grunwald,43,220000.0
True,3,1,Jeżyce,115,490000.0
True,2,4,Wilda,45,298000.0
True,2,3,Jeżyce,60,449000.0
True,2,2,Dębiec,44,237000.0
True,2,2,Garbary,56,480000.0
True,2,4,Wilda,37,298000.0
True,2,3,Wilda,52,255000.0
True,3,0,Stare,30,480000.0
True,3,2,Wilda,30,451000.0
True,3,4,Stare,84,370000.0
True,3,3,Centrum,108,529000.0
True,4,0,Grunwald,66,360000.0
True,4,0,Kopernika,60,419000.0
True,2,0,Stare,50,350000.0
True,3,9,Rataje,65,348000.0
True,4,3,Nowe,88,525000.0
True,6,4,Wilda,90,450000.0
True,4,2,Grunwald,90,449000.0
True,3,0,Winogrady,58,420000.0
True,3,3,Stare,63,360000.0
True,4,1,Centrum,103,1000000.0
False,3,4,Rataje,50,649400.0
False,2,4,Rataje,51,311570.0
False,3,3,Rataje,46,383928.0
False,2,3,Rataje,89,309741.0
True,2,0,Grunwald,46,359000.0
False,2,3,Rataje,86,295734.0
False,3,3,Rataje,55,384540.0
True,3,1,Grunwald,40,480000.0
False,3,2,Rataje,73,380091.0
False,2,1,Rataje,14,293352.0
False,2,1,Rataje,17,307156.0
False,2,1,Rataje,14,293352.0
True,2,3,Łazarz,59,535000.0
False,3,1,Rataje,91,375606.0
False,3,0,Rataje,94,293488.0
False,2,0,Rataje,21,307428.0
False,2,0,Rataje,16,293488.0
False,3,0,Rataje,88,375408.0
True,2,0,Piątkowo,47,299000.0
False,2,4,Podolany,68,243828.0
False,3,3,Podolany,63,348835.0
False,2,3,Podolany,79,256171.0
False,2,3,Podolany,96,298116.0
False,2,3,Podolany,35,306247.0
False,3,3,Podolany,71,337602.0
False,2,3,Podolany,82,244647.0
True,3,3,Łazarz,75,641000.0
True,2,10,Nowe,80,277000.0
True,4,0,Piątkowo,115,549000.0
True,3,1,Suchy,95,499000.0
True,4,2,Jeżyce,110,539000.0
True,2,2,Grunwald,70,450000.0
True,2,1,Grunwald,52,242000.0
True,3,4,Jeżyce,50,310000.0
True,2,3,Winogrady,40,259000.0
True,3,4,Wilda,66,475000.0
True,3,3,Grunwald,35,120000.0
True,3,4,Rataje,48,270000.0
True,5,1,Grunwald,196,1850000.0
True,4,4,Grunwald,50,350000.0
True,4,4,Grunwald,40,280000.0
True,4,4,Grunwald,70,490000.0
True,3,1,Naramowice,70,495000.0
True,3,0,Rataje,71,545000.0
True,3,10,Rataje,80,310000.0
True,2,0,Wilda,36,215000.0
True,2,4,Garbary,33,295000.0
True,2,8,Dębiec,50,200000.0
True,4,4,Rataje,74,359900.0
True,3,3,Jeżyce,70,320000.0
True,2,1,Naramowice,23,300000.0
True,4,2,Wilda,120,535000.0
True,3,2,Naramowice,60,620000.0
True,3,0,Naramowice,60,597000.0
True,3,0,Winogrady,62,399000.0
True,3,0,Grunwald,75,390000.0
True,2,1,Rataje,30,310000.0
True,3,1,Rataje,88,365000.0
True,3,3,Centrum,30,382000.0
True,2,2,Sołacz,58,299000.0
True,2,2,Sołacz,58,299000.0
True,3,1,Grunwald,64,499000.0
True,3,2,Jeżyce,106,549000.0
True,3,2,Jeżyce,106,549000.0
True,3,3,Łazarz,46,413000.0
True,2,1,Jeżyce,47,259000.0
True,3,4,Śródka,98,949000.0
True,3,4,Śródka,98,949000.0
True,3,4,Rataje,48,270000.0
True,3,9,Nowe,65,348000.0
True,2,0,Ławica,60,260000.0
True,4,4,Stare,60,370000.0
True,3,4,Stare,16,399000.0
True,4,3,Grunwald,74,369000.0
True,2,0,Łazarz,50,224000.0
True,3,4,Grunwald,49,260000.0
True,3,0,Piątkowo,60,315000.0
True,3,3,Wilda,67,379999.0
True,2,1,Rataje,63,350000.0
True,2,4,Grunwald,38,270000.0
True,4,2,Łazarz,92,439000.0
True,3,1,Rataje,50,519000.0
True,2,2,Dębiec,66,290000.0
True,2,4,Łazarz,80,326000.0
True,2,3,Grunwald,42,240000.0
True,3,0,Wilda,67,389000.0
True,3,2,Dębiec,91,420000.0
True,2,1,Naramowice,51,279000.0
True,2,4,Grunwald,43,220000.0
True,2,2,Grunwald,17,465360.0
True,3,3,Grunwald,16,777280.0
True,4,1,Stare,146,1000000.0
True,2,3,Rataje,50,350000.0
True,4,2,Jeżyce,87,469000.0
True,2,5,Jeżyce,38,253498.0
True,3,3,Jeżyce,51,334752.0
True,4,5,Jeżyce,57,374792.0
True,3,4,Rataje,63,329000.0
False,2,2,Stare,15,349668.0
False,2,3,Grunwald,24,297420.0
False,2,3,Grunwald,24,297420.0
True,2,1,Jeżyce,60,220000.0
True,3,1,Sołacz,66,399000.0
True,3,3,Grunwald,70,488000.0
True,2,4,Grunwald,43,220000.0
True,3,2,Podolany,68,390000.0
True,2,0,Wilda,52,299000.0
True,2,0,Wilda,37,234000.0
True,3,2,Wilda,90,375000.0
True,4,0,Centrum,163,820000.0
True,3,4,Winogrady,50,320000.0
False,4,0,Grunwald,82,420000.0
True,4,1,Stare,98,495000.0
True,2,1,Stare,52,279000.0
True,3,1,Stare,99,620000.0
True,2,1,Stare,54,329000.0
True,3,2,Stare,92,699000.0
True,3,0,Stare,73,487000.0
True,3,0,Naramowice,69,375000.0
True,2,9,Rataje,49,269000.0
True,2,4,Grunwald,43,220000.0
True,2,1,Dębiec,38,230000.0
True,2,0,Górczyn,60,435000.0
True,3,2,Podolany,68,390000.0
True,2,1,Grunwald,78,446240.0
True,3,2,Podolany,68,390000.0
True,3,2,Winogrady,100,619000.0
True,2,3,Dębiec,50,240000.0
True,3,4,Rataje,48,270000.0
True,2,0,Stare,42,244968.0
True,2,4,Winogrady,48,285679.0
True,2,6,Winiary,70,260000.0
True,4,1,Piątkowo,100,585000.0
True,3,1,Piątkowo,63,329000.0
True,2,0,Naramowice,46,269000.0
True,3,9,Rataje,65,348000.0
True,3,4,Rataje,48,270000.0
True,3,5,Grunwald,58,359605.0
False,2,3,Stare,71,375529.0
False,2,1,Podolany,74,247705.0
False,2,1,Piątkowo,74,247705.0
False,2,4,Głuszyna,45,156085.0
False,3,3,Winogrady,17,411684.0
False,4,0,Szczepankowo,29,349000.0
False,2,2,Podolany,70,277823.0
False,2,0,Ogrody,54,249733.0
False,4,2,Starołęka,14,424377.0
False,2,0,Starołęka,59,282944.0
False,3,1,Stare,51,460499.0
True,3,0,Grunwald,48,270000.0
True,4,1,Wilda,80,350000.0
True,4,4,Winogrady,90,350000.0
True,4,0,Winogrady,56,323000.0
True,4,4,Centrum,109,649000.0
True,3,8,Grunwald,56,341704.0
True,2,3,Grunwald,50,297421.0
True,2,2,Grunwald,40,245832.0
True,2,4,Winogrady,48,285384.0
True,2,1,Wilda,40,240000.0
True,3,2,Jeżyce,21,345865.0
True,2,2,Jeżyce,57,261000.0
True,3,2,Jeżyce,74,400000.0
True,2,2,Jeżyce,74,400000.0
True,3,9,Rataje,65,348000.0
True,2,2,Grunwald,51,369000.0
True,3,0,Rataje,63,339000.0
True,2,4,Rataje,23,250000.0
True,2,4,Rataje,44,245000.0
True,2,2,Dębiec,48,240000.0
True,2,4,Grunwald,60,262000.0
True,4,1,Smochowice,69,395000.0
True,2,4,Piątkowo,50,313000.0
True,3,1,Malta,90,409000.0
True,3,3,Grunwald,83,599000.0
True,2,2,Jeżyce,42,289000.0
True,3,3,Naramowice,48,390000.0
True,2,4,Piątkowo,49,313000.0
True,4,2,Centrum,72,375000.0
True,3,1,Naramowice,51,350000.0
False,3,5,Winogrady,18,304140.0
False,2,14,Grunwald,74,353275.0
False,2,1,Nowe,93,244071.0
True,3,9,Rataje,65,348000.0
True,3,4,Winogrady,53,320000.0
True,3,9,Rataje,65,348000.0
True,3,9,Rataje,65,348000.0
True,2,1,Dębiec,37,230000.0
True,2,2,Grunwald,37,238000.0
True,4,0,Piątkowo,74,392000.0
True,4,2,Piątkowo,74,380000.0
True,2,4,Górczyn,20,329000.0
True,3,1,Naramowice,47,347000.0
True,2,6,Winogrady,38,259900.0
True,5,3,Piątkowo,125,590000.0
True,2,1,Naramowice,53,320000.0
True,2,5,Centrum,40,432000.0
True,3,1,Piątkowo,84,435000.0
True,2,1,Podolany,46,389000.0
True,3,1,Sołacz,90,799999.0
True,3,3,Piątkowo,60,310000.0
True,3,0,Jeżyce,74,260000.0
True,2,2,Piątkowo,49,266000.0
True,2,2,Stare,77,316498.0
True,3,1,Rataje,50,519000.0
True,2,2,Stare,75,442150.0
True,3,2,Centrum,74,395000.0
True,2,1,Centrum,70,599000.0
True,2,1,Centrum,48,459000.0
True,3,1,Winogrady,51,339000.0
True,3,2,Jeżyce,50,375000.0
True,2,4,Ogrody,41,289000.0
True,2,5,Winogrady,60,230000.0
True,2,4,Centrum,55,440000.0
True,3,2,Centrum,80,599000.0
True,3,4,Winogrady,52,343200.0
True,2,1,Centrum,60,385000.0
True,3,3,Centrum,88,300000.0
True,4,4,Centrum,85,529000.0
True,3,3,Wilda,82,349000.0
True,4,2,Nowe,71,405000.0
True,2,4,Jeżyce,89,355000.0
True,2,0,Górczyn,50,235000.0
True,4,1,Grunwald,64,495000.0
True,2,3,Wilda,60,285000.0
True,3,4,Łazarz,82,385000.0
True,3,3,Wilda,67,379999.0
True,2,13,Rataje,67,370000.0
True,3,0,Naramowice,71,450000.0
True,3,3,Górczyn,70,479000.0
True,4,2,Łazarz,40,439000.0
True,3,0,Łazarz,80,385000.0
True,4,1,Łazarz,50,550000.0
True,3,4,Grunwald,47,260000.0
True,4,2,Łazarz,90,755000.0
True,2,0,Górczyn,54,319000.0
True,3,1,Łazarz,30,380000.0
True,3,1,Piątkowo,76,530000.0
True,3,2,Grunwald,112,900000.0
True,3,8,Piątkowo,75,375000.0
True,2,5,Centrum,50,576500.0
True,2,5,Chwaliszewo,50,576500.0
True,3,2,Centrum,57,438503.0
False,2,3,Grunwald,17,354454.0
False,4,2,Górczyn,63,489780.0
False,4,1,Górczyn,92,491520.0
False,2,1,Grunwald,13,273875.5
True,2,2,Dębiec,35,267000.0
True,2,2,Piątkowo,90,260000.0
True,4,3,Łazarz,38,587000.0
True,3,1,Naramowice,110,460000.0
True,4,1,Rataje,70,695000.0
True,4,11,Grunwald,73,506657.0
True,2,5,Grunwald,38,298250.0
True,2,2,Grunwald,24,297421.0
True,2,9,Nowe,38,275000.0
True,2,4,Nowe,70,267000.0
True,3,4,Grunwald,20,447000.0
True,3,4,Wilda,42,349900.0
True,4,0,Centrum,66,360000.0
True,4,3,Jeżyce,70,525000.0
True,3,2,Strzeszyn,70,450000.0
True,4,5,Górczyn,25,690000.0
True,2,4,Sołacz,50,334000.0
True,2,3,Jeżyce,43,240000.0
True,3,2,Rataje,48,307000.0
True,2,2,Rataje,48,307000.0
True,3,8,Nowe,63,345000.0
False,3,1,Podolany,32,333694.0
False,3,1,Piątkowo,38,333694.0
True,3,0,Grunwald,53,299000.0
True,3,3,Stare,49,389000.0
True,2,2,Centrum,74,310000.0
True,2,0,Grunwald,50,220000.0
True,2,1,Grunwald,52,332800.0
True,2,2,Stare,38,240000.0
False,2,2,Naramowice,50,323206.0
False,3,3,Stare,62,558745.0
True,2,6,Jeżyce,49,290000.0
True,2,3,Piątkowo,49,285000.0
True,3,1,Rataje,67,365000.0
True,2,1,Rataje,47,263000.0
True,2,2,Jeżyce,42,289000.0
True,3,4,Grunwald,48,265000.0
True,2,1,Nowe,40,310000.0
True,3,2,Winogrady,48,300000.0
True,2,5,Centrum,49,565964.0
True,3,7,Rataje,84,747000.0
True,2,0,Naramowice,50,275000.0
True,4,2,Rataje,71,405000.0
True,4,1,Górczyn,92,491520.0
True,2,1,Górczyn,59,363258.0
True,2,2,Górczyn,53,305739.0
True,3,4,Piątkowo,69,399000.0
True,2,1,Sołacz,38,280000.0
True,2,0,Dębiec,48,299900.0
True,2,3,Naramowice,59,420000.0
True,4,8,Rataje,100,650000.0
True,3,3,Wilda,82,329000.0
True,3,2,Piątkowo,66,355000.0
True,3,2,Rataje,79,375000.0
True,3,4,Nowe,44,200000.0
True,2,2,Zawady,52,315000.0
True,2,3,Rataje,49,259000.0
True,3,2,Podolany,56,379000.0
True,2,3,Górczyn,17,354454.0
True,2,10,Górczyn,38,237000.0
True,2,2,Zawady,52,315000.0
True,3,2,Wilda,67,379999.0
True,2,1,Naramowice,52,279000.0
True,2,4,Rataje,44,250000.0
True,3,2,Naramowice,98,620000.0
True,3,5,Grunwald,60,450000.0
True,2,2,Dębiec,40,290000.0
True,2,6,Winogrady,49,393599.0
True,2,2,Nowe,48,289000.0
True,2,8,Dębiec,37,240000.0
True,2,5,Rataje,63,420000.0
True,3,3,Chwaliszewo,70,800000.0
True,2,2,Łazarz,52,285000.0
True,3,0,Centrum,63,495000.0
True,2,0,Jeżyce,43,289575.0
True,2,5,Grunwald,46,259000.0
True,2,4,Grunwald,43,265000.0
True,5,1,Naramowice,98,495000.0
True,2,0,Naramowice,50,275000.0
True,2,3,Chwaliszewo,56,320000.0
True,2,5,Grunwald,41,360000.0
True,2,0,Winogrady,48,360000.0
True,4,0,Kobylepole,105,750000.0
True,2,0,Rataje,46,260000.0
True,3,4,Centrum,44,260000.0
True,5,2,Centrum,161,1050000.0
True,2,0,Nowe,56,379000.0
True,2,8,Grunwald,55,560000.0
True,2,1,Łazarz,51,335400.0
True,2,5,Winogrady,42,290000.0
True,2,3,Winogrady,38,235000.0
True,2,4,Winogrady,53,300000.0
True,3,1,Winiary,66,399000.0
True,3,1,Grunwald,91,830000.0
True,2,6,Dębiec,38,385500.0
True,5,0,Sołacz,129,199000.0
True,2,4,Stare,33,295000.0
True,4,11,Rataje,74,370000.0
True,3,1,Piątkowo,63,335000.0
True,3,7,Piątkowo,63,350000.0
True,3,1,Łazarz,98,380000.0
True,2,0,Grunwald,34,184000.0
True,4,5,Jeżyce,96,855000.0
True,2,0,Wilda,36,215000.0
True,4,1,Naramowice,98,495000.0
True,2,5,Nowe,50,250000.0
True,3,7,Wilda,53,275000.0
True,3,1,Malta,61,409000.0
True,2,0,Głuszyna,52,200000.0
True,3,3,Wilda,66,299000.0
True,4,3,Sołacz,83,490000.0
True,2,0,Stare,44,245000.0
True,3,4,Nowe,99,950000.0
True,2,3,Nowe,50,355000.0
True,3,3,Łazarz,95,380000.0
True,4,3,Jeżyce,104,525000.0
True,2,3,Naramowice,50,400000.0
True,2,10,Grunwald,42,248000.0
True,3,0,Centrum,55,380000.0
True,2,3,Naramowice,56,453600.0
True,2,3,Winogrady,37,290000.0
True,4,5,Grunwald,107,690000.0
True,3,6,Jeżyce,64,350000.0
True,4,3,Winogrady,65,340000.0
True,3,1,Rataje,78,345000.0
True,3,10,Piątkowo,67,395000.0
True,5,1,Naramowice,98,495000.0
True,2,3,Grunwald,47,269000.0
True,2,12,Winogrady,46,257000.0
True,3,3,Naramowice,75,516000.0
True,2,4,Naramowice,42,285000.0
True,3,1,Naramowice,60,354000.0
True,2,0,Centrum,42,345000.0
True,2,1,Naramowice,57,550000.0
True,4,3,Grunwald,81,670000.0
True,5,0,Podolany,135,659000.0
True,5,1,Stare,105,925000.0
True,5,1,Naramowice,98,510000.0
True,3,3,Jeżyce,70,350000.0
True,3,1,Winogrady,50,345000.0
True,2,0,Piątkowo,48,279000.0
True,2,2,Stare,55,535000.0
True,2,1,Rataje,54,350000.0
True,3,3,Rataje,63,349000.0
True,2,3,Wilda,39,250000.0
True,2,10,Nowe,48,270000.0
True,2,0,Łazarz,49,285000.0
True,3,4,Nowe,99,999000.0
True,3,1,Piątkowo,74,425000.0
True,3,1,Naramowice,66,479000.0
True,3,0,Wilda,112,360000.0
True,3,1,Łazarz,64,495000.0
True,3,3,Grunwald,60,599000.0
True,3,2,Podolany,68,390000.0
True,4,1,Grunwald,101,450000.0
True,2,4,Piątkowo,49,313000.0
True,3,3,Wilda,63,338000.0
True,2,11,Winogrady,47,285000.0
True,2,0,Grunwald,42,270000.0
True,4,4,Jeżyce,60,360000.0
True,2,3,Centrum,60,399000.0
True,3,5,Jeżyce,69,619000.0
True,2,1,Jeżyce,53,330000.0
True,7,5,Jeżyce,166,1612000.0
True,3,3,Centrum,50,399000.0
True,2,1,Stare,50,365000.0
True,3,0,Grunwald,75,450000.0
True,3,4,Winogrady,47,288000.0
True,2,16,Rataje,36,240000.0
True,2,0,Jeżyce,55,326000.0
True,2,4,Zawady,66,250000.0
True,2,4,Naramowice,44,288000.0
True,2,7,Winiary,49,289000.0
True,3,0,Rataje,69,515000.0
True,3,3,Centrum,43,428000.0
True,5,1,Naramowice,98,510000.0
True,2,2,Piątkowo,48,320000.0
True,4,3,Łazarz,103,659200.0
True,5,0,Grunwald,130,499000.0
True,2,2,Dębiec,48,240000.0
True,4,1,Naramowice,98,495000.0
True,3,0,Rataje,56,320000.0
True,3,2,Rataje,64,430000.0
True,5,4,Winogrady,64,409000.0
True,3,4,Łazarz,53,415000.0
True,3,2,Rataje,65,359000.0
True,2,5,Rataje,53,410000.0
True,3,3,Nowe,83,479000.0
True,4,3,Grunwald,68,365000.0
True,2,3,Grunwald,64,369000.0
True,2,2,Nowe,42,259000.0
True,3,4,Dębiec,45,250000.0
True,2,4,Nowe,47,299000.0
True,2,1,Centrum,72,430000.0
True,2,0,Dębiec,50,275000.0
True,3,4,Nowe,99,950000.0
True,3,7,Rataje,78,329000.0
True,4,6,Piątkowo,73,380000.0
True,2,5,Centrum,49,299000.0
True,2,1,Wilda,44,265000.0
True,2,13,Rataje,48,370000.0
True,4,4,Piątkowo,76,370000.0
True,3,1,Piątkowo,78,379000.0
True,2,3,Grunwald,44,299000.0
True,2,5,Jeżyce,61,379999.0
True,5,1,Jeżyce,128,1000000.0
True,3,2,Jeżyce,106,549000.0
True,3,9,Nowe,65,335000.0
True,3,0,Jeżyce,65,489000.0
True,3,4,Rataje,63,379000.0
True,3,0,Grunwald,45,245000.0
True,2,0,Łazarz,52,235000.0
True,2,1,Jeżyce,45,295555.0
True,2,0,Górczyn,38,224000.0
True,2,2,Winogrady,38,315000.0
True,3,4,Nowe,79,429000.0
True,3,0,Naramowice,94,595000.0
True,3,0,Bonin,56,330000.0
True,2,13,Rataje,49,275000.0
True,4,2,Wilda,120,499000.0
True,2,10,Winogrady,46,287000.0
True,2,10,Piątkowo,46,280000.0
True,2,1,Górczyn,13,273875.0
True,3,0,Winogrady,70,450000.0
True,3,4,Jeżyce,64,325000.0
True,2,3,Górczyn,59,299817.0
True,2,2,Naramowice,58,295000.0
True,4,6,Piątkowo,73,380000.0
True,3,4,Winogrady,65,399000.0
True,3,3,Winogrady,48,305000.0
True,2,3,Jeżyce,37,220000.0
True,3,2,Antoninek,61,285000.0
True,2,2,Grunwald,37,238000.0
True,2,0,Rataje,30,200000.0
True,2,5,Centrum,50,298000.0
False,3,2,Winogrady,42,391729.0
False,3,2,Winogrady,41,347090.0
False,2,1,Winogrady,82,285678.0
False,2,4,Winogrady,38,321656.0
False,2,6,Winogrady,60,312259.0
False,3,1,Winogrady,90,347090.0
False,3,6,Jeżyce,96,355042.0
False,3,2,Stare,78,496573.0
False,2,2,Starołęka,54,300680.0
True,4,4,Piątkowo,90,395000.0
False,4,4,Górczyn,66,771672.0
True,4,1,Szczepankowo,60,399000.0
True,3,0,Szczepankowo,45,340100.0
False,2,5,Rataje,91,225228.0
False,2,9,Grunwald,49,324387.0
False,3,0,Starołęka,80,362459.0
False,2,1,Podolany,74,247705.0
True,3,8,Nowe,78,339000.0
True,2,2,Wilda,33,207000.0
True,2,4,Grunwald,50,295000.0
True,2,5,Wilda,65,324500.0
True,3,4,Wilda,47,429000.0
True,4,0,Szczepankowo,71,399000.0
True,3,1,Winogrady,42,411804.0
True,2,3,Winogrady,33,282613.0
True,2,1,Winogrady,59,235399.0
True,2,7,Winogrady,21,265741.0
True,3,3,Winogrady,89,323340.0
True,3,7,Winogrady,57,293848.0
True,4,2,Winogrady,17,337303.0
True,2,3,Centrum,21,470092.0
True,2,0,Wilda,53,310000.0
True,4,1,Nowe,54,365000.0
True,2,6,Winogrady,38,259000.0
True,3,3,Centrum,23,414225.0
True,3,3,Grunwald,104,489000.0
True,4,3,Grunwald,30,350000.0
True,2,3,Rataje,20,325000.0
False,3,1,Grunwald,55,321845.0
True,2,14,Rataje,49,248000.0
True,2,5,Centrum,64,286000.0
True,3,4,Piątkowo,16,399000.0
True,2,7,Winiary,80,289000.0
True,3,11,Winogrady,50,329000.0
False,2,1,Winogrady,43,252723.0
False,2,2,Starołęka,54,300680.0
False,3,2,Stare,78,496573.0
False,3,4,Winogrady,42,392181.0
False,3,2,Stare,78,496573.0
False,3,2,Naramowice,17,412438.0
True,2,5,Centrum,49,286000.0
True,2,9,Rataje,49,269000.0
True,2,1,Grunwald,61,315000.0
True,3,3,Jeżyce,48,318390.0
True,2,0,Jeżyce,36,242406.0
True,3,2,Stare,49,296278.0
True,2,0,Stare,37,223747.0
True,4,5,Winogrady,65,388755.0
True,3,1,Winogrady,57,347095.0
True,2,1,Ogrody,50,269000.0
True,2,9,Grunwald,50,285000.0
True,2,0,Łazarz,46,114642.0
True,2,5,Stare,64,286000.0
True,3,1,Jeżyce,68,333693.0
True,2,0,Świerczewo,60,435000.0
True,4,1,Jeżyce,40,320000.0
True,4,0,Grunwald,60,395000.0
True,2,3,Stare,44,353457.0
True,2,3,Grunwald,45,267704.0
True,2,2,Grunwald,40,245831.0
True,3,2,Winogrady,69,391729.0
True,2,7,Stare,39,240875.0
True,4,2,Nowe,74,424380.0
True,2,0,Nowe,55,282996.0
True,3,1,Rataje,48,285000.0
False,2,3,Nowe,55,284618.0
False,4,2,Winogrady,94,512034.0
False,2,3,Nowe,55,284618.0
False,2,6,Jeżyce,12,255404.0
False,3,8,Winogrady,20,315810.0
False,2,0,Starołęka,59,282994.0
False,3,7,Grunwald,65,637135.0
False,5,0,Morasko,42,754000.0
True,3,0,Szczepankowo,85,336000.0
True,2,3,Nowe,90,355000.0
True,3,0,Rataje,73,475000.0
True,3,4,Winogrady,60,275000.0
True,3,4,Winogrady,70,275000.0
True,2,7,Winogrady,80,289000.0
True,3,0,Rataje,63,315000.0
True,2,1,Łazarz,54,260000.0
True,4,4,Piątkowo,76,370000.0
True,2,3,Jeżyce,70,319990.0
False,2,3,Głuszyna,45,156085.0
False,2,5,Rataje,91,225228.0
False,2,1,Nowe,85,308237.0
False,2,14,Grunwald,74,353275.0
False,3,2,Głuszyna,56,228144.0
False,2,2,Głuszyna,45,156085.0
False,2,14,Grunwald,74,353275.0
False,2,14,Grunwald,74,353275.0
False,2,3,Głuszyna,45,156085.0
False,2,4,Nowe,54,156085.0
False,2,3,Grunwald,22,267702.0
False,2,14,Grunwald,74,353275.0
False,2,1,Podolany,74,247705.0
False,3,8,Winogrady,20,315810.0
True,4,4,Stare,60,370000.0
True,2,2,Stare,70,265000.0
False,3,3,Winogrady,27,304140.0
False,4,0,Szczepankowo,77,394000.0
False,2,1,Starołęka,85,287882.0
True,3,0,Rataje,20,729000.0
True,4,3,Piątkowo,65,445000.0
True,3,1,Wilda,90,339000.0
True,4,0,Piątkowo,74,382000.0
True,2,4,Jeżyce,35,335000.0
True,2,0,Plewiska,40,258000.0
True,2,1,Grunwald,31,195000.0
True,2,1,Grunwald,16,229000.0
True,3,1,Piątkowo,40,327000.0
True,3,1,Nowe,54,279000.0
True,3,1,Piątkowo,63,329000.0
True,2,3,Jeżyce,37,220000.0
True,3,2,Antoninek,61,285000.0
True,2,5,Stare,49,286000.0
True,3,1,Jeżyce,73,550000.0
True,3,1,Stare,58,366770.0
True,4,0,Piątkowo,74,392000.0
True,4,4,Stare,26,504326.0
True,2,1,Winogrady,37,232408.0
True,2,2,Jeżyce,38,247000.0
True,3,2,Jeżyce,48,318384.0
True,4,2,Jeżyce,57,371930.0
True,3,1,Winogrady,57,347092.0
True,2,2,Winogrady,49,286445.0
True,2,2,Stare,42,254309.0
True,2,4,Stare,39,238950.0
True,3,1,Nowe,68,442080.0
True,3,1,Nowe,14,319998.0
True,3,2,Nowe,63,404965.0
True,3,3,Nowe,14,336840.0
True,3,3,Nowe,83,380931.0
True,3,8,Grunwald,53,341311.0
True,2,0,Nowe,80,325000.0
True,2,1,Grunwald,33,388000.0
True,2,1,Grunwald,35,219000.0
False,4,1,Starołęka,94,1007500.0
False,5,0,Starołęka,71,1203616.0
False,2,5,Winogrady,30,298980.0
False,2,7,Naramowice,76,281988.0
False,2,2,Starołęka,54,300680.0
False,2,1,Górczyn,37,288405.0
False,3,2,Winogrady,42,392861.0
False,2,6,Grunwald,38,298250.0
False,3,3,Winogrady,17,411684.0
False,4,0,Szczepankowo,29,349000.0
False,2,2,Podolany,70,277823.0
False,3,4,Winogrady,67,310020.0
False,4,2,Starołęka,14,424377.0
False,2,0,Starołęka,59,282944.0
False,3,3,Naramowice,42,392861.0
False,2,0,Ogrody,54,249733.0
False,2,0,Starołęka,59,282944.0
False,2,2,Stare,15,349668.0
False,2,4,Winogrady,50,294840.0
False,2,1,Winogrady,43,252723.0
False,3,2,Winogrady,98,399000.0
False,3,5,Grunwald,58,359600.0
True,2,1,Jeżyce,38,245876.0
True,3,1,Jeżyce,50,329538.0
True,2,5,Winogrady,49,286268.0
True,3,1,Centrum,30,367000.0
True,3,1,Nowe,63,350000.0
True,2,1,Rataje,63,350000.0
True,3,5,Grunwald,98,399000.0
True,3,3,Centrum,102,429000.0
True,2,3,Grunwald,45,267703.0
True,3,14,Grunwald,57,356251.0
True,2,7,Rataje,39,225290.0
True,3,1,Jeżyce,68,333701.0
True,3,4,Jeżyce,68,368568.0
True,3,2,Antoninek,61,285000.0
True,2,9,Strzeszyn,45,300000.0
True,2,5,Centrum,50,299000.0
True,2,2,Grunwald,46,249000.0
True,4,5,Malta,84,599000.0
True,2,4,Wilda,54,250000.0
True,2,2,Stare,44,341776.0
True,2,13,Rataje,49,238000.0
True,3,1,Wilda,68,279000.0
True,2,3,Jeżyce,58,430000.0
True,2,1,Winogrady,38,255000.0
True,3,1,Grunwald,49,360000.0
True,2,1,Górczyn,45,339000.0
True,3,3,Centrum,90,855000.0
True,3,2,Centrum,40,1179000.0
True,3,2,Centrum,90,2700000.0
True,3,3,Centrum,90,1170000.0
True,2,2,Centrum,90,368712.0
True,4,1,Nowe,20,991380.0
True,2,3,Dębiec,53,250000.0
True,3,4,Rataje,53,249000.0
True,2,4,Jeżyce,56,350000.0
True,2,2,Centrum,52,285000.0
True,2,2,Łazarz,52,285000.0
True,4,2,Jeżyce,87,490000.0
True,4,2,Grunwald,92,429000.0
False,2,0,Podolany,78,211190.0
False,2,3,Centrum,71,375529.0
False,2,0,Rataje,71,225228.0
False,5,1,Starołęka,94,991380.0
False,4,0,Stare,52,1156054.0
True,2,4,Naramowice,44,288000.0
True,4,1,Grunwald,133,820000.0
True,4,4,Piątkowo,76,370000.0
False,2,0,Głuszyna,54,156085.0
False,2,0,Głuszyna,54,156085.0
False,2,0,Głuszyna,55,200460.0
False,2,0,Głuszyna,55,200460.0
False,2,0,Głuszyna,54,156085.0
False,2,0,Głuszyna,54,156085.0
False,2,1,Nowe,85,308237.0
False,2,9,Rataje,91,225288.0
False,2,3,Grunwald,22,267702.0
True,3,4,Nowe,90,364000.0
True,2,4,Winogrady,30,280000.0
True,4,0,Rataje,84,349000.0
True,4,0,Nowe,88,412000.0
True,3,4,Piątkowo,82,490000.0
True,3,5,Grunwald,58,359602.0
True,2,1,Stare,45,333025.0
True,2,3,Stare,62,450000.0
True,2,2,Winogrady,80,248000.0
True,3,10,Śródka,48,270000.0
True,2,11,Stare,38,239000.0
True,2,1,Rataje,39,225292.0
True,2,4,Górczyn,70,290970.0
True,2,3,Nowe,90,194500.0
True,4,3,Centrum,102,712980.0
True,5,2,Centrum,102,712980.0
True,3,2,Centrum,72,855000.0
True,2,6,Stare,49,279000.0
True,2,4,Jeżyce,55,313830.0
True,2,4,Jeżyce,25,325050.0
True,2,0,Stare,39,240158.0
True,2,0,Jeżyce,38,211190.0
True,3,2,Jeżyce,68,333690.0
True,4,5,Winogrady,65,388751.0
True,3,1,Winogrady,57,347091.0
True,3,1,Górczyn,90,362450.0
True,2,6,Rataje,91,225288.91
True,2,5,Rataje,91,225288.91
True,2,1,Rataje,91,225288.91
True,4,3,Winogrady,41,392860.63
True,4,4,Winogrady,89,364762.0
True,2,2,Centrum,77,316498.0
True,2,3,Centrum,73,442002.0
True,2,4,Centrum,80,276610.0
True,2,4,Centrum,67,316355.0
True,2,0,Górczyn,50,280250.0
True,2,0,Centrum,50,327127.5
False,5,0,Szczepankowo,68,449000.0
False,2,1,Rataje,91,225288.0
False,2,3,Naramowice,82,286327.0
False,4,2,Naramowice,50,365690.0
False,2,2,Stare,87,389528.0
False,3,2,Stare,53,481903.0
False,4,0,Szczepankowo,29,349000.0
False,3,2,Naramowice,41,347090.0
False,3,2,Stare,62,534523.0
False,3,1,Naramowice,17,412670.0
False,2,2,Naramowice,82,285678.0
True,2,0,Wilda,75,263000.0
True,2,2,Winogrady,20,245000.0
True,2,0,Stare,38,232410.0
True,2,0,Jeżyce,37,245488.0
True,2,7,Rataje,39,225288.0
True,3,2,Wilda,35,180000.0
True,2,4,Wilda,35,189000.0
True,3,1,Centrum,51,460499.0
True,4,0,Centrum,80,903965.44
True,4,0,Centrum,71,1366410.0
True,2,4,Winogrady,37,285383.0
True,2,3,Winogrady,49,286091.0
True,3,1,Winogrady,90,347090.0
True,2,7,Rataje,91,225288.91
True,2,2,Centrum,75,442150.0
True,4,8,Nowe,82,318000.0
False,2,3,Podolany,74,278047.0
False,2,4,Podolany,74,278047.0
False,2,4,Podolany,74,278047.0
False,4,5,Winogrady,51,650958.0
False,2,4,Górczyn,60,290360.0
False,2,4,Podolany,74,278047.0
False,3,1,Starołęka,97,350875.0
False,3,1,Starołęka,97,350875.0
False,3,1,Starołęka,97,350875.0
False,3,1,Starołęka,97,350875.0
False,3,1,Starołęka,97,350875.0
False,3,1,Starołęka,97,350875.0
False,3,1,Starołęka,65,442080.0
False,3,1,Stare,51,460499.0
False,3,1,Winogrady,17,412670.0
False,3,2,Starołęka,31,357692.0
False,2,0,Starołęka,59,282994.0
False,2,0,Piątkowo,78,211190.0
False,2,1,Winogrady,43,252723.0
False,2,0,Winogrady,79,232408.0
False,4,0,Szczepankowo,29,349000.0
False,2,2,Podolany,70,277823.0
False,3,4,Winogrady,67,310020.0
False,2,0,Ogrody,54,249733.0
False,4,2,Starołęka,14,424377.0
False,2,0,Starołęka,59,282944.0
False,2,0,Starołęka,59,282944.0
True,3,10,Grunwald,57,347633.0
True,2,1,Grunwald,50,293436.0
True,2,1,Jeżyce,50,247705.0
True,3,1,Jeżyce,72,398000.0
True,4,0,Jeżyce,90,570000.0
True,2,1,Stare,46,285200.0
True,3,1,Winogrady,57,347100.0
True,2,0,Stare,37,223749.0
True,2,1,Jeżyce,38,245880.0
True,3,5,Grunwald,74,460050.0
True,3,2,Piątkowo,40,329000.0
True,2,1,Stare,60,279000.0
True,4,7,Jeżyce,90,720000.0
True,2,5,Rataje,39,225290.0
False,3,0,Stare,61,355000.0
False,3,0,Podolany,61,355000.0
False,4,0,Podolany,75,430000.0
True,3,3,Stare,47,270000.0
False,4,0,Stare,72,475000.0
False,4,0,Podolany,72,475000.0
True,2,2,Centrum,51,325000.0
False,4,0,Stare,72,455000.0
False,4,0,Podolany,72,455000.0
False,4,1,Grunwald,87,372000.0
True,2,10,Śródka,48,270000.0
True,2,0,Nowe,79,207845.0
True,2,2,Grunwald,52,285000.0
True,4,0,Wilda,75,262500.0
True,2,1,Rataje,80,350000.0
True,2,0,Rataje,30,200000.0
True,2,3,Grunwald,35,210000.0
True,2,0,Centrum,90,368712.0
True,2,1,Centrum,60,360288.0
True,2,3,Centrum,60,390312.0
True,3,1,Centrum,51,481103.0
True,3,0,Centrum,61,455348.0
True,2,2,Centrum,50,417231.0
False,3,3,Winogrady,17,411684.0
False,3,2,Centrum,53,481903.0
False,3,7,Górczyn,53,746787.0
False,3,1,Starołęka,95,319998.0
False,3,5,Grunwald,20,460040.0
False,4,0,Szczepankowo,29,349000.0
False,5,0,Szczepankowo,68,399000.0
True,2,7,Wilda,50,234000.0
True,2,1,Wilda,65,210000.0
True,2,2,Łazarz,36,279000.0
True,2,0,Rataje,47,325000.0
True,2,3,Grunwald,58,285000.0
True,3,2,Rataje,69,360000.0
True,2,2,Rataje,90,355000.0
False,3,5,Jeżyce,39,362804.0
False,2,1,Winogrady,43,252723.0
False,2,1,Winogrady,46,285200.0
False,2,0,Ogrody,54,249641.0
False,2,4,Górczyn,25,302887.0
False,2,0,Podolany,74,242731.0
False,5,1,Starołęka,94,991380.0
True,2,2,Piątkowo,70,265000.0
True,2,0,Stare,49,344000.0
True,2,4,Stare,49,313000.0
True,3,0,Stare,60,315000.0
True,3,0,Rataje,63,315000.0
True,2,1,Stare,20,690000.0
True,2,2,Wilda,49,465000.0
True,3,2,Nowe,64,368110.0
True,2,0,Nowe,55,282994.0
True,2,3,Rataje,52,350000.0
True,3,0,Grunwald,87,780000.0
True,2,0,Rataje,38,263000.0
True,2,7,Winogrady,38,219000.0
True,3,3,Rataje,53,250000.0
True,4,0,Nowe,88,394000.0
True,2,2,Centrum,55,535000.0
True,3,13,Rataje,65,329000.0
True,2,2,Nowe,55,192750.0
True,3,0,Nowe,88,375408.0
True,3,4,Nowe,50,649400.0
True,2,3,Nowe,74,294906.0
True,2,5,Stare,20,291720.0
True,2,2,Stare,80,290646.0
False,2,1,Winogrady,42,285678.0
False,2,4,Nowe,54,156085.0
False,3,2,Stare,78,496573.0
False,4,0,Stare,52,1156054.0
False,3,3,Starołęka,82,380931.0
True,2,0,Stare,46,285200.0
True,4,1,Nowe,54,434201.0
True,3,0,Stare,76,269984.0
True,2,1,Stare,45,333024.0
True,4,3,Stare,79,637037.0
True,3,3,Grunwald,56,319060.0
True,2,2,Grunwald,45,267700.0
True,4,1,Winogrady,63,365690.0
True,2,4,Winogrady,48,285678.0
True,3,1,Stare,48,295363.0
True,2,0,Stare,37,223750.0
True,2,1,Jeżyce,50,277823.0
True,3,2,Jeżyce,68,333695.0
True,2,4,Naramowice,22,288000.0
True,4,0,Wilda,41,518000.0
True,2,4,Dębiec,44,235000.0
True,4,1,Winogrady,62,364762.0
True,4,3,Stare,40,320000.0
True,5,3,Wilda,97,449000.0
True,2,10,Grunwald,42,249000.0
True,2,3,Piątkowo,30,279000.0
True,3,4,Winogrady,48,289000.0
True,2,2,Stare,30,318645.0
True,2,7,Jeżyce,80,289000.0
True,2,2,Łazarz,20,285000.0
True,3,4,Piątkowo,69,399000.0
True,3,1,Rataje,63,350000.0
True,2,2,Dębiec,48,240000.0
False,4,4,Winogrady,36,356160.0
False,2,0,Winogrady,52,290970.0
True,3,4,Stare,47,289000.0
True,3,4,Piątkowo,69,399000.0
True,3,0,Piatkowo,50,315000.0
True,2,1,Grunwald,66,329000.0
True,2,4,Grunwald,70,253000.0
True,2,0,Grunwald,34,179000.0
True,2,0,Naramowice,50,250000.0
True,2,4,Jeżyce,43,410000.0
True,3,3,Jeżyce,62,360000.0
True,3,3,Jeżyce,80,590000.0
True,3,2,Jeżyce,64,325000.0
False,2,1,Podolany,74,247705.0
False,2,1,Piątkowo,74,247705.0
False,3,3,Winogrady,42,392861.0
False,2,4,Głuszyna,45,156085.0
False,2,5,Jeżyce,51,249441.0
True,3,3,Łazarz,96,398000.0
True,2,2,Wilda,72,255000.0
True,2,1,Naramowice,40,329000.0
True,2,0,Stare,38,232409.0
True,3,2,Stare,49,296300.0
True,4,4,Winogrady,63,364762.0
True,2,5,Grunwald,36,239592.0
True,3,0,Naramowice,73,395000.0
False,3,1,Piątkowo,38,333694.0
False,3,6,Jeżyce,53,344500.0
False,4,6,Jeżyce,22,377652.0
False,3,0,Winogrady,45,332145.0
False,3,3,Winogrady,81,328241.0
False,3,5,Winogrady,81,328241.0
False,3,6,Jeżyce,96,355041.6
False,3,6,Jeżyce,24,318384.0
False,3,1,Winogrady,81,328241.0
False,3,0,Winogrady,89,323340.0
False,3,1,Winogrady,45,332145.0
False,4,5,Jeżyce,94,392607.0
False,3,1,Jeżyce,30,345180.0
False,4,8,Winogrady,20,315810.0
False,2,2,Winogrady,21,263581.0
False,3,2,Winogrady,89,323340.0
False,2,6,Winogrady,21,263581.0
False,2,5,Winogrady,54,238948.0
False,2,7,Winogrady,54,240875.0
False,2,0,Winogrady,39,246379.0
False,4,1,Winogrady,54,345240.0
False,4,0,Winogrady,54,345240.0
False,3,3,Winogrady,45,332145.0
False,4,5,Winogrady,54,348117.0
False,4,6,Winogrady,54,348117.0
False,3,7,Winogrady,62,339282.0
False,3,8,Winogrady,52,317200.0
False,3,6,Winogrady,45,329422.5
False,2,7,Winogrady,21,265741.5
False,2,6,Winogrady,54,238948.0
False,4,7,Winogrady,54,348117.0
False,3,5,Winogrady,62,339282.0
False,2,4,Winogrady,21,263581.0
False,4,4,Winogrady,54,348117.0
False,3,0,Winogrady,57,296277.0
False,3,1,Winogrady,27,304133.5
False,3,2,Winogrady,57,296277.0
False,2,3,Winogrady,21,263581.0
False,4,2,Winogrady,54,345240.0
False,2,1,Winogrady,21,263581.0
False,4,3,Winogrady,54,345240.0
False,3,6,Winogrady,62,339282.0
False,3,3,Winogrady,89,323340.0
False,3,0,Winogrady,67,310020.0
False,2,1,Winogrady,43,252723.0
False,4,1,Winogrady,25,366850.0
False,2,8,Grunwald,18,319875.0
False,2,0,Jeżyce,54,249641.0
False,4,4,Winogrady,36,356160.0
False,2,4,Nowe,54,156085.0
False,2,7,Grunwald,18,319875.0
False,2,9,Grunwald,94,329763.26
False,2,7,Grunwald,94,324400.97
False,3,7,Grunwald,60,388352.0
False,3,10,Grunwald,20,347633.0
False,3,11,Grunwald,62,409713.0
False,2,12,Grunwald,62,330368.0
False,3,14,Grunwald,20,356251.9
False,2,12,Grunwald,58,347839.75
False,3,11,Grunwald,20,350506.16
False,2,11,Grunwald,58,342405.13
False,3,15,Grunwald,62,429699.0
False,2,9,Grunwald,18,319875.0
False,3,8,Grunwald,21,341703.96
False,2,10,Grunwald,58,336969.98
False,3,12,Grunwald,62,413044.0
False,3,1,Grunwald,34,405104.0
False,3,9,Grunwald,21,341703.96
False,4,5,Grunwald,20,424977.14
False,2,11,Grunwald,62,327787.0
False,3,12,Grunwald,20,353378.74
False,2,13,Grunwald,62,332949.0
False,3,6,Grunwald,60,383760.0
False,2,14,Grunwald,62,335530.0
False,3,5,Grunwald,60,387040.0
False,2,4,Grunwald,18,302985.6
False,3,3,Grunwald,44,410780.0
False,4,3,Grunwald,20,417773.83
False,2,3,Grunwald,13,303286.5
False,3,1,Grunwald,60,364080.0
False,3,3,Grunwald,21,319055.27
False,2,1,Grunwald,80,292100.0
False,2,2,Grunwald,67,245830.0
False,2,12,Grunwald,80,352390.0
False,3,3,Grunwald,60,377200.0
False,3,5,Winogrady,18,313080.0
False,2,5,Grunwald,49,314089.0
False,2,1,Nowe,85,308237.0
False,2,9,Grunwald,98,339072.0
False,2,8,Grunwald,49,321812.5
False,2,10,Grunwald,81,322643.5
False,4,10,Grunwald,73,500203.02
False,3,9,Grunwald,14,343978.41
False,2,11,Grunwald,81,325184.0
False,3,10,Grunwald,85,351130.0
False,2,3,Grunwald,24,297420.8
False,2,2,Grunwald,22,267702.4
False,4,11,Grunwald,73,506566.5
False,2,2,Grunwald,24,297420.8
False,4,9,Grunwald,99,495722.51
False,4,6,Grunwald,20,426416.8
False,2,8,Grunwald,94,327081.85
False,2,5,Grunwald,18,307080.0
False,2,4,Grunwald,13,305793.0
False,2,6,Grunwald,18,312198.0
False,3,7,Grunwald,21,333231.99
False,4,13,Grunwald,73,514939.5
False,2,2,Grunwald,98,317880.0
False,2,3,Grunwald,22,267702.4
False,4,14,Grunwald,73,519126.0
False,4,12,Grunwald,73,510753.0
False,2,10,Grunwald,80,347010.0
False,2,9,Grunwald,49,324387.0
False,2,4,Grunwald,49,311514.5
False,2,6,Grunwald,38,298249.6
False,2,6,Grunwald,98,333774.0
False,4,8,Grunwald,99,495722.51
False,2,5,Grunwald,98,331125.0
False,2,8,Grunwald,98,336423.0
False,3,3,Grunwald,14,325312.98
False,2,5,Grunwald,38,298249.6
False,4,7,Grunwald,99,495782.26
False,3,8,Grunwald,14,341311.84
False,2,4,Grunwald,98,328476.0
False,2,6,Grunwald,52,316848.0
False,3,2,Winogrady,81,328241.0
False,3,2,Winogrady,45,332145.0
True,2,4,Centrum,50,348750.0
True,2,3,Winogrady,50,297600.0
True,2,3,Winogrady,90,300160.0
True,2,3,Winogrady,90,293760.0
False,2,5,Grunwald,13,315819.0
False,3,5,Grunwald,44,435784.0
False,3,2,Grunwald,44,407208.0
False,3,2,Grunwald,60,370640.0
False,3,4,Winogrady,45,329422.5
False,3,7,Winogrady,45,329422.5
False,3,4,Winogrady,81,328241.0
False,3,1,Winogrady,89,323340.0
False,3,5,Winogrady,45,329422.5
True,3,1,Piątkowo,63,335000.0
True,3,2,Winogrady,21,391728.59
True,2,2,Winogrady,42,285678.0
True,2,1,Winogrady,74,287566.0
True,4,1,Grunwald,42,421049.88
True,2,4,Grunwald,96,332388.13
True,2,14,Grunwald,56,330359.78
True,2,7,Grunwald,81,301206.53
True,2,14,Grunwald,94,307490.0
True,3,3,Grunwald,16,307880.88
True,3,3,Grunwald,21,319047.97
True,4,7,Grunwald,99,495782.25
True,3,12,Grunwald,62,413044.03
True,3,4,Grunwald,60,380480.0
True,4,6,Grunwald,20,426416.78
True,2,9,Grunwald,49,324387.0
True,2,7,Grunwald,21,333212.88
True,4,3,Naramowice,97,579000.0
True,2,2,Grunwald,44,215000.0
True,2,3,Grunwald,22,267702.41
True,2,2,Grunwald,67,245830.0
True,2,5,Rataje,53,410000.0
True,4,2,Łazarz,62,365000.0
True,2,12,Winogrady,47,257000.0
True,2,16,Rataje,36,240000.0
True,3,3,Grunwald,56,319055.0
True,2,2,Grunwald,45,267702.0
True,2,2,Grunwald,40,245830.0
True,2,6,Jeżyce,38,253193.0
True,3,6,Jeżyce,48,318384.0
True,2,1,Jeżyce,38,245875.0
True,3,1,Winogrady,57,347090.0
True,2,4,Stare,39,238948.0
True,3,3,Łazarz,62,355000.0
False,2,1,Stare,14,330255.0
False,3,1,Starołęka,68,442080.0
False,2,2,Podolany,70,277823.0
False,2,0,Naramowice,71,308039.0
False,2,1,Naramowice,50,321656.0
False,3,5,Winogrady,18,304140.0
False,4,4,Górczyn,66,771672.0
False,2,6,Naramowice,60,322497.0
False,2,1,Stare,51,333024.0
True,3,14,Nowe,20,290000.0
True,3,0,Rataje,71,515000.0
True,4,1,Nadolnik,125,372000.0
True,2,5,Rataje,53,410000.0
True,2,0,Grunwald,52,259000.0
True,2,0,Piątkowo,70,298950.0
True,4,3,Naramowice,104,495000.0
True,2,7,Jeżyce,53,245000.0
True,2,1,Centrum,52,319000.0
True,2,1,Naramowice,50,420000.0
True,2,3,Naramowice,50,420000.0
True,3,2,Grunwald,49,300000.0
True,3,2,Winogrady,48,300000.0
True,2,2,Stare,53,339000.0
True,3,1,Nowe,30,298000.0
True,3,0,Stare,45,250000.0
True,4,4,Naramowice,50,475000.0
True,3,1,Jeżyce,112,329000.0
True,2,0,Piątkowo,20,299000.0
True,3,1,Grunwald,48,259000.0
True,4,4,Piątkowo,60,370000.0
False,2,0,Ogrody,54,249641.0
True,3,1,Nowe,63,375000.0
True,4,4,Piątkowo,74,390000.0
True,3,4,Stare,30,288000.0
True,2,3,Grunwald,60,468000.0
True,3,1,Wilda,68,279000.0
True,2,6,Winogrady,42,250000.0
True,2,2,Jeżyce,46,350000.0
True,2,1,Nowe,40,310000.0
True,3,4,Winogrady,47,289000.0
True,3,2,Stare,82,405900.0
True,3,1,Wilda,20,359000.0
True,2,1,Sołacz,39,326000.0
True,2,2,Jeżyce,47,350000.0
True,2,4,Grunwald,50,239000.0
False,2,4,Starołęka,35,224343.0
False,3,3,Starołęka,60,362220.0
False,2,2,Starołęka,50,287394.0
False,3,1,Starołęka,56,320739.0
False,3,1,Stare,51,460499.0
False,2,0,Podolany,74,242731.0
False,2,4,Nowe,54,156085.0
False,2,1,Winogrady,46,285200.0
False,2,0,Podolany,78,211190.0
True,3,3,Wilda,80,309000.0
True,2,1,Górczyn,48,313000.0
True,2,1,Dębiec,48,313000.0
True,4,0,Stare,60,643720.0
True,2,5,Nowe,53,415000.0
True,2,3,Stare,60,325000.0
True,4,3,Stare,97,599000.0
True,2,0,Grunwald,20,319000.0
True,3,6,Stare,63,299000.0
True,2,0,Grunwald,51,299000.0
True,2,2,Centrum,53,339000.0
True,3,4,Stare,65,320000.0
True,3,1,Nowe,67,364000.0
True,3,3,Grunwald,50,209000.0
